ID,Topic,Difficulty,Question,Option1,Correct1,Option2,Correct2,Option3,Correct3,Option4,Correct4
0,mathematics,EASY,If a circle has radius R. what is the area of the circle? ,piR,FALSE,R2,FALSE,2piR,FALSE,piR2,TRUE
1,mathematics,EASY,What is the value of 2 + 2? ,4,TRUE,3,FALSE,5,FALSE,22,FALSE
2,mathematics,EASY,What is 3 x 3? ,15,FALSE,9,TRUE,12,FALSE,6,FALSE
3,mathematics,EASY,What is the square root of 16? ,4,TRUE,2,FALSE,6,FALSE,8,FALSE
4,mathematics,EASY,If you have 10 apples and you give away 2. how many do you have left? ,10,FALSE,9,FALSE,7,FALSE,8,TRUE
5,mathematics,EASY,What is 15 - 5? ,10,TRUE,0,FALSE,5,FALSE,20,FALSE
6,mathematics,EASY,What is 5 + 7? ,10,FALSE,15,FALSE,12,TRUE,13,FALSE
7,mathematics,EASY,What is the value of 20 / 4? ,5,TRUE,2,FALSE,4,FALSE,6,FALSE
8,mathematics,EASY,What is 6 - 2? ,3,FALSE,2,FALSE,5,FALSE,4,TRUE
9,mathematics,EASY,What is 9 + 1? ,9,FALSE,11,FALSE,10,TRUE,8,FALSE
10,mathematics,EASY,If a triangle has a base of 4 and a height of 3. what is the area? ,7,FALSE,9,FALSE,6,TRUE,12,FALSE
11,mathematics,EASY,What is the value of 1 + 1? ,1,FALSE,2,TRUE,3,FALSE,0,FALSE
12,mathematics,EASY,If you have 5 oranges and you buy 3 more. how many do you have in total? ,5,FALSE,7,FALSE,6,FALSE,8,TRUE
13,mathematics,EASY,What is 8 - 3? ,6,FALSE,3,FALSE,4,FALSE,5,TRUE
14,mathematics,EASY,What is 4 x 2? ,6,FALSE,8,TRUE,9,FALSE,10,FALSE
15,mathematics,EASY,If a book costs \$10 and you have \$50. how many books can you buy? ,3,FALSE,5,TRUE,6,FALSE,4,FALSE
16,mathematics,EASY,What is 30 divided by 5? ,5,FALSE,7,FALSE,8,FALSE,6,TRUE
17,mathematics,EASY,What is the value of 100 - 45? ,40,FALSE,50,FALSE,60,FALSE,55,TRUE
18,mathematics,EASY,If a train travels 60 miles in 1 hour. how far will it travel in 2 hours? ,110 miles,FALSE,150 miles,FALSE,120 miles,TRUE,100 miles,FALSE
19,mathematics,EASY,What is 7 + 3? ,9,FALSE,10,TRUE,11,FALSE,8,FALSE
20,mathematics,EASY,What is 12 - 5? ,8,FALSE,6,FALSE,5,FALSE,7,TRUE
21,mathematics,EASY,What is 9 x 0? ,10,FALSE,0,TRUE,1,FALSE,9,FALSE
22,mathematics,EASY,If a rectangle has a length of 5 and a width of 4. what is the area? ,12,FALSE,20,TRUE,18,FALSE,25,FALSE
23,mathematics,EASY,What is the value of 15 + 10? ,30,FALSE,25,TRUE,10,FALSE,20,FALSE
24,mathematics,EASY,What is 2 x 5? ,20,FALSE,15,FALSE,10,TRUE,5,FALSE
25,mathematics,EASY,What is 21 divided by 7? ,2,FALSE,3,TRUE,4,FALSE,5,FALSE
26,mathematics,EASY,What is the sum of angles in a triangle? ,90 degrees,FALSE,180 degrees,TRUE,360 degrees,FALSE,270 degrees,FALSE
27,mathematics,EASY,If you have \$20 and you spend \$5. how much do you have left? ,20,FALSE,15,TRUE,10,FALSE,5,FALSE
28,mathematics,EASY,What is 50 - 25? ,35,FALSE,25,TRUE,20,FALSE,30,FALSE
29,mathematics,EASY,What is 14 + 6? ,19,FALSE,21,FALSE,18,FALSE,20,TRUE
30,mathematics,EASY,If a square has a side length of 3. what is its area? ,6,FALSE,12,FALSE,3,FALSE,9,TRUE
31,mathematics,EASY,What is 18 divided by 3? ,3,FALSE,6,TRUE,4,FALSE,5,FALSE
32,mathematics,EASY,What is 11 - 2? ,10,FALSE,8,FALSE,9,TRUE,7,FALSE
33,mathematics,EASY,What is the perimeter of a rectangle with length 2 and width 3? ,6,FALSE,10,TRUE,8,FALSE,5,FALSE
34,mathematics,EASY,What is the value of 2 x 3 + 4? ,8,FALSE,10,TRUE,6,FALSE,12,FALSE
35,mathematics,EASY,What is 100 divided by 10? ,9,FALSE,11,FALSE,10,TRUE,12,FALSE
36,mathematics,EASY,What is 16 - 7? ,8,FALSE,9,TRUE,11,FALSE,10,FALSE
37,mathematics,EASY,What is 5 + 5 + 5? ,5,FALSE,10,FALSE,15,TRUE,20,FALSE
38,mathematics,EASY,What is 22? ,8,FALSE,4,TRUE,6,FALSE,2,FALSE
39,mathematics,EASY,If a cake is cut into 8 slices and you eat 3. how many slices are left? ,6,FALSE,4,FALSE,3,FALSE,5,TRUE
40,mathematics,EASY,What is the value of 30 - 10 x 2? ,20,FALSE,15,FALSE,5,FALSE,10,TRUE
41,mathematics,EASY,If 3 oranges cost \$2. how much do 6 oranges cost? ,6,FALSE,4,TRUE,2,FALSE,8,FALSE
42,mathematics,EASY,What is 7 x 7? ,49,TRUE,42,FALSE,56,FALSE,36,FALSE
43,mathematics,EASY,What is the value of 5 + 5 x 2? ,10,FALSE,25,FALSE,20,FALSE,15,TRUE
44,mathematics,EASY,What is the sum of 1. 2 and 3?,6,TRUE,5,FALSE,4,FALSE,7,FALSE
45,mathematics,EASY,If a pencil costs \$1. how much do 10 pencils cost? ,20,FALSE,10,TRUE,5,FALSE,15,FALSE
46,mathematics,EASY,What is 4 + 4 + 4? ,8,FALSE,10,FALSE,12,TRUE,14,FALSE
47,mathematics,EASY,What is 2 + 2 x 3? ,4,FALSE,10,FALSE,6,FALSE,8,TRUE
48,mathematics,EASY,What is 6 x 6? ,36,TRUE,30,FALSE,32,FALSE,42,FALSE
49,mathematics,EASY,If a cookie costs \$0.50. how many cookies can you buy with \$5? ,12,FALSE,15,FALSE,8,FALSE,10,TRUE
50,mathematics,EASY,What is the value of 3 + 3? ,8,FALSE,6,TRUE,7,FALSE,5,FALSE
51,mathematics,EASY,If a car travels 60 miles in 1 hour. how far will it travel in 3 hours? ,180 miles,TRUE,240 miles,FALSE,150 miles,FALSE,120 miles,FALSE
52,mathematics,EASY,What is 12 / 4? ,3,TRUE,2,FALSE,6,FALSE,4,FALSE
53,mathematics,EASY,What is 7 + 8? ,13,FALSE,15,TRUE,12,FALSE,14,FALSE
54,mathematics,EASY,What is 20 - 5 - 5? ,10,TRUE,20,FALSE,25,FALSE,15,FALSE
55,mathematics,EASY,What is the value of 1 + 1 + 1? ,2,FALSE,3,TRUE,1,FALSE,4,FALSE
56,mathematics,EASY,What is 9 x 1? ,9,TRUE,8,FALSE,10,FALSE,7,FALSE
57,mathematics,EASY,If a box contains 12 chocolates and you eat 4. how many are left? ,8,TRUE,6,FALSE,5,FALSE,7,FALSE
58,mathematics,EASY,What is the perimeter of a square with side length 2? ,4,FALSE,6,FALSE,8,TRUE,10,FALSE
59,mathematics,EASY,What is 8 - 3? ,6,FALSE,7,FALSE,5,TRUE,4,FALSE
60,mathematics,EASY,What is the next number in the sequence 1. 2. 3 ....?,6,FALSE,4,TRUE,7,FALSE,5,FALSE
61,mathematics,EASY,What is 100 - 50? ,60,FALSE,50,TRUE,70,FALSE,40,FALSE
62,mathematics,EASY,What is 5 x 5? ,35,FALSE,25,TRUE,30,FALSE,20,FALSE
63,mathematics,EASY,If a dozen eggs cost \$2. how much do 2 dozen eggs cost? ,3,FALSE,4,TRUE,5,FALSE,6,FALSE
64,mathematics,EASY,What is 4 + 4? ,7,FALSE,6,FALSE,9,FALSE,8,TRUE
65,mathematics,EASY,What is 3 + 2 + 1? ,4,FALSE,7,FALSE,6,TRUE,5,FALSE
66,mathematics,EASY,What is 50 divided by 5? ,11,FALSE,10,TRUE,9,FALSE,12,FALSE
67,mathematics,EASY,If a pizza is cut into 8 slices and you eat 2. how many slices are left? ,4,FALSE,5,FALSE,3,FALSE,6,TRUE
68,mathematics,EASY,What is 10 - 0? ,0,FALSE,15,FALSE,10,TRUE,5,FALSE
69,mathematics,EASY,What is the value of 2 + 3 x 4? ,14,TRUE,12,FALSE,20,FALSE,10,FALSE
70,mathematics,EASY,If a toy costs \$15 and you have \$30. how many toys can you buy? ,2,TRUE,3,FALSE,1,FALSE,4,FALSE
71,mathematics,EASY,What is 5 - 2? ,4,FALSE,3,TRUE,5,FALSE,2,FALSE
72,mathematics,EASY,What is the area of a rectangle with length 5 and width 3? ,10,FALSE,20,FALSE,15,TRUE,12,FALSE
73,mathematics,EASY,What is 1 + 1 + 1 + 1? ,5,FALSE,3,FALSE,4,TRUE,2,FALSE
74,mathematics,EASY,What is 30 - 10? ,15,FALSE,20,TRUE,30,FALSE,10,FALSE
75,mathematics,EASY,What is the value of 3 + 7? ,9,FALSE,8,FALSE,10,TRUE,11,FALSE
76,mathematics,EASY,If a train travels 80 miles in 1 hour. how far will it travel in 4 hours? ,300 miles,FALSE,320 miles,TRUE,280 miles,FALSE,350 miles,FALSE
77,mathematics,EASY,What is 1 x 100? ,50,FALSE,100,TRUE,1,FALSE,10,FALSE
78,mathematics,EASY,What is the result of 24 divided by 6? ,3,FALSE,5,FALSE,4,TRUE,6,FALSE
79,mathematics,EASY,What is 3 x 5? ,10,FALSE,18,FALSE,15,TRUE,12,FALSE
80,mathematics,EASY,What is the value of 6 - 5? ,0,FALSE,3,FALSE,2,FALSE,1,TRUE
81,mathematics,EASY,What is 50 + 50? ,100,TRUE,50,FALSE,150,FALSE,200,FALSE
82,mathematics,EASY,If a shirt costs \$20 and you have \$60. how many shirts can you buy? ,4,FALSE,2,FALSE,5,FALSE,3,TRUE
83,mathematics,EASY,What is the value of 10 - 2 - 3? ,7,FALSE,5,TRUE,6,FALSE,4,FALSE
84,mathematics,EASY,What is 2 x 4? ,10,FALSE,8,TRUE,12,FALSE,6,FALSE
85,mathematics,EASY,What is 16 / 4? ,2,FALSE,4,TRUE,3,FALSE,5,FALSE
86,mathematics,EASY,What is 100 - 25? ,70,FALSE,80,FALSE,50,FALSE,75,TRUE
87,mathematics,EASY,What is 3 + 3 + 3? ,7,FALSE,10,FALSE,8,FALSE,9,TRUE
88,mathematics,EASY,If a bag contains 10 marbles and you take out 3. how many are left? ,5,FALSE,6,FALSE,4,FALSE,7,TRUE
89,mathematics,EASY,What is 12 + 8? ,20,TRUE,21,FALSE,19,FALSE,18,FALSE
90,mathematics,EASY,What is 1 + 2 + 4? ,6,FALSE,8,FALSE,7,TRUE,5,FALSE
91,mathematics,EASY,What is 5 - 1? ,4,TRUE,3,FALSE,2,FALSE,5,FALSE
92,mathematics,EASY,What is 45 + 5? ,60,FALSE,50,TRUE,40,FALSE,55,FALSE
93,mathematics,EASY,If a car travels 40 miles in 1 hour. how far will it travel in 3 hours? ,80 miles,FALSE,150 miles,FALSE,120 miles,TRUE,100 miles,FALSE
94,mathematics,EASY,What is 8 + 2? ,10,TRUE,8,FALSE,9,FALSE,11,FALSE
95,mathematics,EASY,What is 75 - 25? ,50,TRUE,30,FALSE,40,FALSE,60,FALSE
96,mathematics,EASY,What is 2 + 5? ,8,FALSE,6,FALSE,9,FALSE,7,TRUE
97,mathematics,EASY,What is 6 x 2? ,10,FALSE,14,FALSE,12,TRUE,16,FALSE
98,mathematics,EASY,If a dozen cookies cost \$5. how much do 2 dozen cookies cost? ,10,TRUE,15,FALSE,5,FALSE,12,FALSE
99,mathematics,EASY,What is 100 / 5? ,15,FALSE,10,FALSE,25,FALSE,20,TRUE
100,mathematics,EASY,What is 10 + 10? ,15,FALSE,30,FALSE,20,TRUE,10,FALSE
101,mathematics,EASY,What is 7 - 4? ,1,FALSE,4,FALSE,3,TRUE,2,FALSE
102,mathematics,EASY,What is 90 - 45? ,35,FALSE,40,FALSE,50,FALSE,45,TRUE
103,mathematics,EASY,What is 4 x 4? ,14,FALSE,12,FALSE,18,FALSE,16,TRUE
104,mathematics,EASY,What is the value of 20 + 30? ,40,FALSE,70,FALSE,50,TRUE,60,FALSE
105,mathematics,EASY,If you have 8 candies and you eat 3. how many do you have left? ,4,FALSE,6,FALSE,5,TRUE,3,FALSE
106,mathematics,EASY,What is 6 / 2? ,3,TRUE,2,FALSE,5,FALSE,4,FALSE
107,mathematics,EASY,What is the perimeter of a rectangle with length 8 and width 3? ,20,FALSE,18,FALSE,24,FALSE,22,TRUE
108,mathematics,EASY,What is 5 + 5? ,15,FALSE,10,TRUE,5,FALSE,20,FALSE
109,mathematics,EASY,What is 30 divided by 6? ,5,TRUE,4,FALSE,7,FALSE,6,FALSE
110,mathematics,EASY,What is 2 + 2 x 2? ,8,FALSE,10,FALSE,4,FALSE,6,TRUE
111,mathematics,EASY,What is the value of 50 - 30? ,25,FALSE,15,FALSE,10,FALSE,20,TRUE
112,mathematics,EASY,If a bottle holds 2 liters. how many liters are in 5 bottles? ,12 liters,FALSE,5 liters,FALSE,10 liters,TRUE,8 liters,FALSE
113,mathematics,EASY,What is 7 + 6? ,14,FALSE,12,FALSE,13,TRUE,11,FALSE
114,mathematics,EASY,What is 25 / 5? ,4,FALSE,5,TRUE,6,FALSE,3,FALSE
115,mathematics,EASY,If a rectangle has a width of 4 and a length of 10. what is its area? ,44,FALSE,40,TRUE,24,FALSE,14,FALSE
116,mathematics,EASY,What is the value of 2 + 3 + 5? ,10,TRUE,8,FALSE,7,FALSE,9,FALSE
117,mathematics,EASY,What is 50 - 20 - 10? ,20,TRUE,10,FALSE,30,FALSE,40,FALSE
118,mathematics,EASY,What is 8 + 12? ,19,FALSE,20,TRUE,22,FALSE,21,FALSE
119,mathematics,EASY,What is 14 - 5? ,8,FALSE,10,FALSE,7,FALSE,9,TRUE
120,mathematics,EASY,What is 3 x 3 x 3? ,24,FALSE,20,FALSE,27,TRUE,30,FALSE
121,mathematics,EASY,If a candy costs \$0.25. how many can you buy with \$5? ,20,TRUE,15,FALSE,30,FALSE,25,FALSE
122,mathematics,EASY,What is 10 + 15? ,30,FALSE,20,FALSE,35,FALSE,25,TRUE
123,mathematics,EASY,What is 18 - 9? ,7,FALSE,8,FALSE,10,FALSE,9,TRUE
124,mathematics,EASY,What is 4 + 5 + 1? ,10,TRUE,11,FALSE,8,FALSE,9,FALSE
125,mathematics,EASY,What is 6 x 4? ,24,TRUE,26,FALSE,22,FALSE,20,FALSE
126,mathematics,EASY,What is 100 + 200? ,400,FALSE,250,FALSE,300,TRUE,350,FALSE
127,mathematics,EASY,What is 2 / 1? ,2,TRUE,1,FALSE,3,FALSE,4,FALSE
128,mathematics,EASY,What is the area of a triangle with base 6 and height 4? ,12,TRUE,14,FALSE,16,FALSE,10,FALSE
129,mathematics,EASY,What is 9 + 10? ,20,FALSE,18,FALSE,19,TRUE,21,FALSE
130,mathematics,EASY,If a pencil costs \$0.50. how much do 4 pencils cost? ,1,FALSE,3,FALSE,2,TRUE,1.5,FALSE
131,mathematics,EASY,What is 8 - 5? ,3,TRUE,2,FALSE,4,FALSE,5,FALSE
132,mathematics,EASY,What is 15 + 5? ,25,FALSE,15,FALSE,20,TRUE,10,FALSE
133,mathematics,EASY,What is 7 x 2? ,10,FALSE,16,FALSE,12,FALSE,14,TRUE
134,mathematics,EASY,What is the value of 4 + 4 + 4? ,8,FALSE,12,TRUE,14,FALSE,10,FALSE
135,mathematics,EASY,What is 90 - 30? ,60,TRUE,50,FALSE,70,FALSE,40,FALSE
136,mathematics,EASY,What is 12 + 6? ,16,FALSE,17,FALSE,18,TRUE,19,FALSE
137,mathematics,EASY,What is 5 + 9? ,14,TRUE,15,FALSE,12,FALSE,13,FALSE
138,mathematics,EASY,What is the value of 40 / 5? ,5,FALSE,8,TRUE,6,FALSE,10,FALSE
139,mathematics,EASY,What is 3 x 3 + 1? ,8,FALSE,11,FALSE,9,FALSE,10,TRUE
140,mathematics,EASY,What is 20 - 5 - 5? ,15,FALSE,20,FALSE,10,TRUE,5,FALSE
141,mathematics,EASY,What is the perimeter of a square with a side length of 4? ,14,FALSE,16,TRUE,10,FALSE,12,FALSE
142,mathematics,EASY,What is 1 + 1 + 1 + 1 + 1? ,6,FALSE,4,FALSE,5,TRUE,7,FALSE
143,mathematics,EASY,If a carton contains 12 eggs and you take 4. how many are left? ,5,FALSE,8,TRUE,6,FALSE,7,FALSE
144,mathematics,EASY,What is 100 - 99? ,1,TRUE,2,FALSE,3,FALSE,0,FALSE
145,mathematics,EASY,What is 7 + 8? ,13,FALSE,16,FALSE,14,FALSE,15,TRUE
146,mathematics,EASY,What is 5 x 3? ,15,TRUE,10,FALSE,12,FALSE,14,FALSE
147,mathematics,EASY,What is 8 - 2? ,8,FALSE,5,FALSE,7,FALSE,6,TRUE
148,mathematics,EASY,What is 11 + 9? ,19,FALSE,18,FALSE,21,FALSE,20,TRUE
149,mathematics,EASY,What is the value of 5 + 5 x 3? ,15,FALSE,10,FALSE,20,TRUE,25,FALSE
150,mathematics,EASY,What is 6 + 6 + 6? ,16,FALSE,20,FALSE,18,TRUE,14,FALSE
151,mathematics,EASY,What is 20 divided by 4? ,7,FALSE,8,FALSE,5,TRUE,6,FALSE
152,mathematics,EASY,What is 100 + 50? ,140,FALSE,150,TRUE,160,FALSE,170,FALSE
153,mathematics,EASY,What is 3 + 2 + 2? ,8,FALSE,6,FALSE,7,TRUE,5,FALSE
154,mathematics,EASY,What is the value of 18 - 9? ,8,FALSE,9,TRUE,10,FALSE,7,FALSE
155,mathematics,EASY,If a notebook costs \$3. how much do 5 notebooks cost? ,20,FALSE,12,FALSE,10,FALSE,15,TRUE
156,mathematics,EASY,What is 6 x 3? ,16,FALSE,18,TRUE,14,FALSE,20,FALSE
157,mathematics,EASY,What is 25 - 5? ,25,FALSE,15,FALSE,20,TRUE,10,FALSE
158,mathematics,EASY,What is 40 / 8? ,5,TRUE,4,FALSE,3,FALSE,6,FALSE
159,mathematics,EASY,What is 1 + 1 + 1 + 2? ,3,FALSE,5,TRUE,6,FALSE,4,FALSE
160,mathematics,EASY,What is the area of a square with a side length of 3? ,8,FALSE,6,FALSE,9,TRUE,12,FALSE
161,mathematics,EASY,What is 45 - 5? ,40,TRUE,35,FALSE,45,FALSE,50,FALSE
162,mathematics,EASY,What is 10 x 1? ,0,FALSE,10,TRUE,1,FALSE,2,FALSE
163,mathematics,EASY,What is 7 + 3 + 2? ,11,FALSE,13,FALSE,10,FALSE,12,TRUE
164,mathematics,EASY,What is 100 - 75? ,20,FALSE,15,FALSE,25,TRUE,30,FALSE
165,mathematics,EASY,If a bag holds 5 liters. how many liters are in 3 bags? ,10 liters,FALSE,5 liters,FALSE,15 liters,TRUE,20 liters,FALSE
166,mathematics,EASY,What is 60 / 5? ,15,FALSE,10,FALSE,12,TRUE,20,FALSE
167,mathematics,EASY,What is the perimeter of a rectangle with length 6 and width 2? ,12,FALSE,14,FALSE,16,TRUE,10,FALSE
168,mathematics,EASY,What is 20 + 3? ,20,FALSE,23,TRUE,22,FALSE,24,FALSE
169,mathematics,EASY,What is 10 - 6? ,2,FALSE,5,FALSE,3,FALSE,4,TRUE
170,mathematics,EASY,What is 5 x 5? ,30,FALSE,25,TRUE,15,FALSE,20,FALSE
171,mathematics,EASY,What is 8 divided by 2? ,5,FALSE,2,FALSE,4,TRUE,3,FALSE
172,mathematics,EASY,What is the value of 10 - 2 x 2? ,4,FALSE,8,FALSE,10,FALSE,6,TRUE
173,mathematics,EASY,If a fruit basket has 10 fruits and you eat 3. how many are left? ,7,TRUE,6,FALSE,5,FALSE,4,FALSE
174,mathematics,EASY,What is 9 + 1? ,11,FALSE,8,FALSE,10,TRUE,9,FALSE
175,mathematics,EASY,What is the value of 2 + 4 + 6? ,10,FALSE,14,FALSE,12,TRUE,8,FALSE
176,mathematics,EASY,What is 15 + 10? ,30,FALSE,15,FALSE,25,TRUE,20,FALSE
177,mathematics,EASY,What is 100 - 50 - 25? ,40,FALSE,25,TRUE,30,FALSE,20,FALSE
178,mathematics,EASY,What is 50 / 10? ,6,FALSE,4,FALSE,5,TRUE,7,FALSE
179,mathematics,EASY,What is 6 + 3 + 1? ,8,FALSE,11,FALSE,9,FALSE,10,TRUE
180,mathematics,EASY,What is the value of 5 + 2 x 3? ,12,FALSE,13,FALSE,11,TRUE,10,FALSE
181,mathematics,EASY,What is 12 - 4? ,8,TRUE,7,FALSE,5,FALSE,6,FALSE
182,mathematics,EASY,What is 25 + 25? ,55,FALSE,50,TRUE,40,FALSE,45,FALSE
183,mathematics,EASY,What is the area of a rectangle with length 5 and width 2? ,12,FALSE,10,TRUE,8,FALSE,15,FALSE
184,mathematics,EASY,What is 7 - 5? ,4,FALSE,3,FALSE,2,TRUE,1,FALSE
185,mathematics,EASY,What is the value of 100 + 200 - 50? ,200,FALSE,250,TRUE,300,FALSE,150,FALSE
186,mathematics,EASY,What is 9 x 2? ,16,FALSE,18,TRUE,14,FALSE,20,FALSE
187,mathematics,EASY,If a piece of bread costs \$2. how much do 3 pieces cost? ,8,FALSE,6,TRUE,5,FALSE,7,FALSE
188,mathematics,EASY,What is 10 + 10 + 10? ,20,FALSE,40,FALSE,25,FALSE,30,TRUE
189,mathematics,EASY,What is 36 / 6? ,7,FALSE,6,TRUE,5,FALSE,8,FALSE
190,mathematics,EASY,What is 15 - 10? ,4,FALSE,6,FALSE,3,FALSE,5,TRUE
191,mathematics,EASY,What is the value of 8 + 8 + 8? ,22,FALSE,26,FALSE,20,FALSE,24,TRUE
192,mathematics,EASY,What is 60 - 30? ,30,TRUE,40,FALSE,10,FALSE,20,FALSE
193,mathematics,EASY,What is the value of 3 + 3 + 3 + 1? ,8,FALSE,10,TRUE,9,FALSE,7,FALSE
194,mathematics,EASY,What is the perimeter of a triangle with sides 3. 4. and 5?,12,TRUE,10,FALSE,8,FALSE,14,FALSE
195,mathematics,EASY,What is 20 + 10 - 5? ,15,FALSE,25,TRUE,20,FALSE,30,FALSE
196,mathematics,EASY,What is the value of 100 - 75 + 25? ,60,FALSE,55,FALSE,50,TRUE,45,FALSE
197,mathematics,EASY,What is 24 / 3? ,6,FALSE,7,FALSE,5,FALSE,8,TRUE
198,mathematics,EASY,What is 5 - 3 + 1? ,3,TRUE,2,FALSE,1,FALSE,4,FALSE
199,mathematics,EASY,What is 14 + 6? ,21,FALSE,20,TRUE,19,FALSE,22,FALSE
200,mathematics,MEDIUM,What is the value of x if 2x + 3 = 11? ,4,TRUE,2,FALSE,3,FALSE,5,FALSE
201,mathematics,MEDIUM,What is the area of a triangle with base 10 and height 5? ,20,FALSE,25,TRUE,15,FALSE,30,FALSE
202,mathematics,MEDIUM,If a car travels at 60 miles per hour. how far does it travel in 2.5 hours? ,100 miles,FALSE,180 miles,FALSE,120 miles,FALSE,150 miles,TRUE
203,mathematics,MEDIUM,What is the value of (3 + 4) x 2? ,14,TRUE,12,FALSE,16,FALSE,10,FALSE
204,mathematics,MEDIUM,What is the value of 52? ,20,FALSE,30,FALSE,15,FALSE,25,TRUE
205,mathematics,MEDIUM,If the circumference of a circle is 31.4 cm. what is the radius? (Use ?? = 3.14) ,5 cm,TRUE,6 cm,FALSE,7 cm,FALSE,4 cm,FALSE
206,mathematics,MEDIUM,What is the value of 12 x 8? ,100,FALSE,96,TRUE,72,FALSE,84,FALSE
207,mathematics,MEDIUM,If a book costs \$15 and you buy 2 books. how much do you spend? ,20,FALSE,25,FALSE,15,FALSE,30,TRUE
208,mathematics,MEDIUM,What is the value of 18 - 3 x 4? ,15,FALSE,12,FALSE,6,TRUE,9,FALSE
209,mathematics,MEDIUM,If a rectangle has a length of 8 and a width of 3. what is its perimeter? ,18,FALSE,20,FALSE,24,FALSE,22,TRUE
210,mathematics,MEDIUM,What is the value of (9 - 4)2? ,15,FALSE,30,FALSE,25,TRUE,20,FALSE
211,mathematics,MEDIUM,What is the solution to 4x = 20? ,6,FALSE,4,FALSE,7,FALSE,5,TRUE
212,mathematics,MEDIUM,If the angle is 90 degrees. what is the value of its supplement? ,270 degrees,FALSE,45 degrees,FALSE,180 degrees,FALSE,90 degrees,TRUE
213,mathematics,MEDIUM,What is 15% of 200? ,25,FALSE,35,FALSE,40,FALSE,30,TRUE
214,mathematics,MEDIUM,If a train departs at 2 PM and arrives at 5 PM. how long is the journey? ,2 hours,FALSE,4 hours,FALSE,5 hours,FALSE,3 hours,TRUE
215,mathematics,MEDIUM,What is the volume of a cube with side length 3? ,9,FALSE,18,FALSE,27,TRUE,24,FALSE
216,mathematics,MEDIUM,If a shirt is on sale for 20% off and costs \$50. how much is the discount? ,5,FALSE,20,FALSE,15,FALSE,10,TRUE
217,mathematics,MEDIUM,What is the value of 72 - 5? ,39,FALSE,50,FALSE,44,TRUE,49,FALSE
218,mathematics,MEDIUM,If you have 3 apples and you buy 5 more. how many apples do you have? ,9,FALSE,7,FALSE,6,FALSE,8,TRUE
219,mathematics,MEDIUM,What is the result of 100 divided by 4 plus 5? ,25,FALSE,35,FALSE,20,FALSE,30,TRUE
220,mathematics,MEDIUM,If a polygon has 6 sides. what is it called? ,Quadrilateral,FALSE,Triangle,FALSE,Octagon,FALSE,Hexagon,TRUE
221,mathematics,MEDIUM,What is the value of 3 x (4 + 2)? ,18,TRUE,20,FALSE,15,FALSE,21,FALSE
222,mathematics,MEDIUM,If a pizza is cut into 8 slices and you eat 3. how many slices are left? ,6,FALSE,4,FALSE,3,FALSE,5,TRUE
223,mathematics,MEDIUM,What is the sum of the angles in a triangle? ,270 degrees,FALSE,360 degrees,FALSE,180 degrees,TRUE,90 degrees,FALSE
224,mathematics,MEDIUM,What is 45 + 55? ,110,FALSE,100,TRUE,80,FALSE,90,FALSE
225,mathematics,MEDIUM,If a number is multiplied by 0. what is the result? ,1,FALSE,undefined,FALSE,1,FALSE,0,TRUE
226,mathematics,MEDIUM,If 2x = 10. what is the value of x? ,3,FALSE,6,FALSE,4,FALSE,5,TRUE
227,mathematics,MEDIUM,What is the value of 9 + 6? ,16,FALSE,13,FALSE,15,TRUE,14,FALSE
228,mathematics,MEDIUM,What is the greatest common divisor of 12 and 8? ,6,FALSE,4,TRUE,8,FALSE,2,FALSE
229,mathematics,MEDIUM,What is the area of a rectangle with length 10 and width 2? ,30,FALSE,15,FALSE,25,FALSE,20,TRUE
230,mathematics,MEDIUM,If the radius of a circle is 7. what is its diameter? ,28,FALSE,21,FALSE,14,TRUE,7,FALSE
231,mathematics,MEDIUM,What is 81 - 36? ,55,FALSE,45,TRUE,50,FALSE,40,FALSE
232,mathematics,MEDIUM,If a car uses 3 gallons of gas to travel 60 miles. how many miles can it travel on 1 gallon? ,20 miles,TRUE,15 miles,FALSE,30 miles,FALSE,25 miles,FALSE
233,mathematics,MEDIUM,What is the value of ??64? ,10,FALSE,6,FALSE,7,FALSE,8,TRUE
234,mathematics,MEDIUM,If a wheel rotates 360 degrees. how many complete turns has it made? ,0.5,FALSE,3,FALSE,1,TRUE,2,FALSE
235,mathematics,MEDIUM,What is the least common multiple of 4 and 6? ,10,FALSE,8,FALSE,12,TRUE,24,FALSE
236,mathematics,MEDIUM,What is the result of 15 divided by 3? ,6,FALSE,4,FALSE,5,TRUE,3,FALSE
237,mathematics,MEDIUM,If a book is priced at \$12 and you pay with a \$20 bill. how much change do you get? ,8,TRUE,5,FALSE,10,FALSE,7,FALSE
238,mathematics,MEDIUM,What is the value of 10% of 250? ,15,FALSE,25,TRUE,20,FALSE,30,FALSE
239,mathematics,MEDIUM,If a triangle has two sides measuring 3 and 4. what is the length of the hypotenuse? ,5,TRUE,7,FALSE,6,FALSE,8,FALSE
240,mathematics,MEDIUM,What is the sum of 8. 12. and 10?,28,FALSE,31,FALSE,30,TRUE,29,FALSE
241,mathematics,MEDIUM,If you have a 50% chance of winning a game. what is the probability in decimal form? ,0.5,TRUE,1,FALSE,0.25,FALSE,0.75,FALSE
242,mathematics,MEDIUM,What is (5 + 3) x (2 - 1)? ,5,FALSE,8,TRUE,10,FALSE,6,FALSE
243,mathematics,MEDIUM,What is the value of 72 / 8? ,6,FALSE,10,FALSE,9,TRUE,8,FALSE
244,mathematics,MEDIUM,If a car travels 100 miles in 2 hours. what is its speed in miles per hour? ,40,FALSE,50,TRUE,70,FALSE,60,FALSE
245,mathematics,MEDIUM,What is the volume of a cylinder with radius 3 and height 5? (Use ?? = 3.14) ,32,FALSE,30,FALSE,28.26,TRUE,24,FALSE
246,mathematics,MEDIUM,What is the value of 6 + 4 x 2? ,10,FALSE,12,FALSE,14,TRUE,16,FALSE
247,mathematics,MEDIUM,If 2x + 4 = 12. what is the value of x? ,4,TRUE,3,FALSE,6,FALSE,5,FALSE
248,mathematics,MEDIUM,What is 100 - (45 + 25)? ,20,FALSE,40,FALSE,30,TRUE,50,FALSE
249,mathematics,MEDIUM,What is the area of a circle with a radius of 4? (Use ?? = 3.14) ,40,FALSE,50.24,TRUE,55,FALSE,45,FALSE
250,mathematics,MEDIUM,What is the value of 7 x (3 + 2)? ,25,FALSE,35,TRUE,40,FALSE,30,FALSE
251,mathematics,MEDIUM,If a triangle has angles measuring 60 and 80 degrees. what is the measure of the third angle? ,50 degrees,FALSE,30 degrees,FALSE,40 degrees,TRUE,20 degrees,FALSE
252,mathematics,MEDIUM,What is the perimeter of a rectangle with sides of 5 and 10? ,30,TRUE,25,FALSE,20,FALSE,15,FALSE
253,mathematics,MEDIUM,If a train travels 120 miles in 3 hours. what is its average speed? ,60 miles per hour,FALSE,40 miles per hour,TRUE,30 miles per hour,FALSE,50 miles per hour,FALSE
254,mathematics,MEDIUM,What is the value of 12 x 12? ,130,FALSE,120,FALSE,144,TRUE,150,FALSE
255,mathematics,MEDIUM,What is the result of 30% of 200? ,40,FALSE,60,TRUE,70,FALSE,50,FALSE
256,mathematics,MEDIUM,If a right triangle has legs of length 3 and 4. what is the length of the hypotenuse? ,5,TRUE,8,FALSE,6,FALSE,7,FALSE
257,mathematics,MEDIUM,What is the value of 5 x 6 - 10? ,15,FALSE,25,FALSE,30,FALSE,20,TRUE
258,mathematics,MEDIUM,What is 64 divided by 8? ,7,FALSE,10,FALSE,9,FALSE,8,TRUE
259,mathematics,MEDIUM,What is the value of (4 + 4 + 4) / 4? ,2,FALSE,3,TRUE,4,FALSE,5,FALSE
260,mathematics,MEDIUM,If a recipe requires 2 cups of sugar and you want to make half the recipe. how much sugar do you need? ,1.5 cups,FALSE,0.5 cups,FALSE,1 cup,TRUE,2 cups,FALSE
261,mathematics,MEDIUM,What is the value of 7 x 3 + 2? ,20,FALSE,25,FALSE,21,FALSE,23,TRUE
262,mathematics,MEDIUM,If a ladder leans against a wall and reaches a height of 12 feet. how long is the ladder if it makes a 90-degree angle with the ground? ,15 feet,FALSE,10 feet,FALSE,12 feet,TRUE,14 feet,FALSE
263,mathematics,MEDIUM,What is the sum of the first five prime numbers? ,26,FALSE,30,FALSE,32,FALSE,28,TRUE
264,mathematics,MEDIUM,What is 80 divided by 4 plus 5? ,30,FALSE,20,FALSE,15,FALSE,25,TRUE
265,mathematics,MEDIUM,If a box contains 24 items and you take out 6. how many items are left? ,16,FALSE,22,FALSE,18,TRUE,20,FALSE
266,mathematics,MEDIUM,What is the value of 14 - 4 + 2? ,10,FALSE,12,TRUE,14,FALSE,16,FALSE
267,mathematics,MEDIUM,If a person runs 10 miles in 1 hour. how long will it take to run 25 miles at the same pace? ,3 hours,FALSE,2 hours,FALSE,2.5 hours,TRUE,4 hours,FALSE
268,mathematics,MEDIUM,What is the result of 5 + (3 x 2)? ,10,FALSE,11,TRUE,9,FALSE,12,FALSE
269,mathematics,MEDIUM,What is the product of 4 and 5? ,24,FALSE,16,FALSE,20,TRUE,18,FALSE
270,mathematics,MEDIUM,What is the square root of 81? ,10,FALSE,9,TRUE,7,FALSE,8,FALSE
271,mathematics,MEDIUM,What is the value of 6 x 7 - 5? ,35,FALSE,30,FALSE,40,FALSE,37,TRUE
272,mathematics,MEDIUM,What is 2 + 2 x 2? ,6,TRUE,4,FALSE,8,FALSE,5,FALSE
273,mathematics,MEDIUM,If a car can travel 240 miles on 8 gallons of gas. how many miles can it travel on 1 gallon? ,35 miles,FALSE,32 miles,FALSE,28 miles,FALSE,30 miles,TRUE
274,mathematics,MEDIUM,What is the area of a circle with a radius of 5? (Use ?? = 3.14) ,70,FALSE,80,FALSE,75,FALSE,78.5,TRUE
275,mathematics,MEDIUM,If a triangle has a base of 10 and a height of 6. what is its area? ,30,TRUE,25,FALSE,20,FALSE,60,FALSE
276,mathematics,MEDIUM,What is the value of 5 x 5 x 2? ,30,FALSE,40,FALSE,50,TRUE,60,FALSE
277,mathematics,MEDIUM,What is 100 divided by (4 x 5)? ,15,FALSE,5,TRUE,10,FALSE,20,FALSE
278,mathematics,MEDIUM,If a person reads 20 pages a day. how many pages will they read in 7 days? ,130,FALSE,120,FALSE,150,FALSE,140,TRUE
279,mathematics,MEDIUM,What is the measure of an angle that is supplementary to a 70-degree angle? ,90 degrees,FALSE,80 degrees,FALSE,100 degrees,FALSE,110 degrees,TRUE
280,mathematics,MEDIUM,What is the value of 8 + 12 - 5? ,15,TRUE,18,FALSE,10,FALSE,20,FALSE
281,mathematics,MEDIUM,If a book has 300 pages and you read 25 pages a day. how many days will it take to finish the book? ,14 days,FALSE,10 days,FALSE,15 days,FALSE,12 days,TRUE
282,mathematics,MEDIUM,What is the result of 8 - 3 x 2? ,3,FALSE,1,FALSE,2,TRUE,4,FALSE
283,mathematics,MEDIUM,What is 22 + 18? ,36,FALSE,38,FALSE,40,TRUE,42,FALSE
284,mathematics,MEDIUM,If a recipe calls for 4 cups of flour and you want to make half of it. how much flour do you need? ,3 cups,FALSE,4 cups,FALSE,2 cups,TRUE,1.5 cups,FALSE
285,mathematics,MEDIUM,What is the value of 6 x 2 + 3? ,18,FALSE,9,FALSE,15,TRUE,12,FALSE
286,mathematics,MEDIUM,What is the area of a square with a side length of 4? ,16,TRUE,12,FALSE,18,FALSE,20,FALSE
287,mathematics,MEDIUM,If a train leaves at 3 PM and arrives at 6 PM. how long is the trip? ,3 hours,TRUE,4 hours,FALSE,1 hour,FALSE,2 hours,FALSE
288,mathematics,MEDIUM,What is the value of 9 - (3 + 2)? ,4,TRUE,5,FALSE,7,FALSE,6,FALSE
289,mathematics,MEDIUM,If a bag contains 10 marbles and you add 5 more. how many marbles are in the bag? ,20,FALSE,15,TRUE,12,FALSE,10,FALSE
290,mathematics,MEDIUM,What is the value of 5 + (4 - 2) x 3? ,12,FALSE,9,FALSE,11,TRUE,10,FALSE
291,mathematics,MEDIUM,If a bicycle costs \$200 and goes on sale for 25% off. how much will it cost? ,160,FALSE,180,FALSE,120,FALSE,150,TRUE
292,mathematics,MEDIUM,What is the circumference of a circle with a diameter of 10? (Use ?? = 3.14) ,28,FALSE,30,FALSE,32,FALSE,31.4,TRUE
293,mathematics,MEDIUM,What is 10 x (5 - 3)? ,20,TRUE,25,FALSE,15,FALSE,30,FALSE
294,mathematics,MEDIUM,If the temperature is 20 degrees Celsius. what is it in Fahrenheit? (Use F = C x 9/5 + 32) ,72,FALSE,60,FALSE,70,FALSE,68,TRUE
295,mathematics,MEDIUM,What is the value of 4 + 6 x 2? ,12,FALSE,14,FALSE,16,TRUE,10,FALSE
296,mathematics,MEDIUM,What is the value of 9 x 4 - 5? ,30,FALSE,31,TRUE,32,FALSE,28,FALSE
297,mathematics,MEDIUM,If a car travels 150 miles in 3 hours. what is its average speed? ,50 miles per hour,TRUE,60 miles per hour,FALSE,70 miles per hour,FALSE,40 miles per hour,FALSE
298,mathematics,MEDIUM,What is the area of a trapezoid with bases 5 and 10 and height 4? ,25,FALSE,30,TRUE,35,FALSE,20,FALSE
299,mathematics,MEDIUM,What is the value of 12 ?? 3 - 8? ,24,FALSE,28,TRUE,30,FALSE,32,FALSE
300,mathematics,MEDIUM,If you invest \$100 at 5% interest for one year. how much interest will you earn? ,20,FALSE,5,TRUE,10,FALSE,15,FALSE
301,mathematics,MEDIUM,What is the sum of the angles in a quadrilateral? ,90 degrees,FALSE,360 degrees,TRUE,270 degrees,FALSE,180 degrees,FALSE
302,mathematics,MEDIUM,If a recipe requires 2 cups of sugar. how much sugar is needed for 3 recipes? ,4 cups,FALSE,6 cups,TRUE,5 cups,FALSE,8 cups,FALSE
303,mathematics,MEDIUM,What is the result of 100 - 25 + 50? ,125,TRUE,130,FALSE,140,FALSE,120,FALSE
304,mathematics,MEDIUM,What is the value of 10 x 10 x 2? ,250,FALSE,150,FALSE,100,FALSE,200,TRUE
305,mathematics,MEDIUM,If a box contains 15 items and 5 are red. what fraction of the items are red? ,1��3��,TRUE,1��4��,FALSE,2��3��,FALSE,1��2��,FALSE
306,mathematics,MEDIUM,What is the perimeter of a square with a side length of 6? ,18,FALSE,30,FALSE,24,TRUE,20,FALSE
307,mathematics,MEDIUM,What is the value of (3 + 5)2? ,49,FALSE,72,FALSE,56,FALSE,64,TRUE
308,mathematics,MEDIUM,If you are driving 60 miles per hour. how long will it take you to drive 120 miles? ,2 hours,TRUE,4 hours,FALSE,1 hour,FALSE,3 hours,FALSE
309,mathematics,MEDIUM,What is the area of a rectangle with length 8 and width 5? ,50,FALSE,45,FALSE,40,TRUE,35,FALSE
310,mathematics,MEDIUM,What is the value of 15 - (3 + 2)? ,11,FALSE,10,TRUE,9,FALSE,12,FALSE
311,mathematics,MEDIUM,What is the value of 6 x (2 + 4)? ,36,TRUE,30,FALSE,12,FALSE,24,FALSE
312,mathematics,MEDIUM,If a bag contains 20 marbles and you take out 5. how many marbles are left? ,10,FALSE,25,FALSE,20,FALSE,15,TRUE
313,mathematics,MEDIUM,What is the value of 43? ,16,FALSE,48,FALSE,64,TRUE,32,FALSE
314,mathematics,MEDIUM,If a pencil costs \$0.80. how much do 10 pencils cost? ,10,FALSE,6,FALSE,8,TRUE,5,FALSE
315,mathematics,MEDIUM,What is the result of 2 + 2 x 2 - 1? ,5,TRUE,3,FALSE,4,FALSE,6,FALSE
316,mathematics,MEDIUM,What is the value of 5 + 5 + 5 + 5? ,18,FALSE,25,FALSE,15,FALSE,20,TRUE
317,mathematics,MEDIUM,What is the volume of a cylinder with a radius of 2 and a height of 5? (Use ?? = 3.14) ,20,FALSE,15,FALSE,25.12,TRUE,30,FALSE
318,mathematics,MEDIUM,What is the result of 60 / (2 x 3)? ,12,FALSE,10,TRUE,15,FALSE,5,FALSE
319,mathematics,MEDIUM,If a fruit basket contains 12 apples and you give away 4. how many apples do you have left? ,8,TRUE,5,FALSE,10,FALSE,6,FALSE
320,mathematics,MEDIUM,What is 52 + 32? ,32,FALSE,34,TRUE,28,FALSE,30,FALSE
321,mathematics,MEDIUM,If a car travels 90 miles in 1.5 hours. what is its average speed? ,80 miles per hour,FALSE,70 miles per hour,FALSE,50 miles per hour,FALSE,60 miles per hour,TRUE
322,mathematics,MEDIUM,What is the value of 12 x (4 - 2)? ,30,FALSE,20,FALSE,28,FALSE,24,TRUE
323,mathematics,MEDIUM,If an angle measures 45 degrees. what is its complement? ,90 degrees,FALSE,45 degrees,TRUE,30 degrees,FALSE,60 degrees,FALSE
324,mathematics,MEDIUM,What is the value of (15 + 5) / 2? ,5,FALSE,20,FALSE,15,FALSE,10,TRUE
325,mathematics,MEDIUM,If a store sells 3 shirts for \$15. how much is one shirt? ,5,TRUE,7,FALSE,4,FALSE,6,FALSE
326,mathematics,MEDIUM,What is the result of 10 - 3 + 2? ,9,TRUE,8,FALSE,7,FALSE,10,FALSE
327,mathematics,MEDIUM,If a book is on sale for \$12 and you have a coupon for 25% off. how much will you pay? ,10,FALSE,7,FALSE,9,TRUE,8,FALSE
328,mathematics,MEDIUM,What is the sum of 1 + 2 + 3 + 4 + 5? ,12,FALSE,15,TRUE,14,FALSE,16,FALSE
329,mathematics,MEDIUM,If you score 80% on a test with 50 questions. how many questions did you answer correctly? ,40,TRUE,35,FALSE,50,FALSE,45,FALSE
330,mathematics,MEDIUM,What is the area of a triangle with base 5 and height 10? ,15,FALSE,25,TRUE,20,FALSE,30,FALSE
331,mathematics,MEDIUM,If a box contains 12 chocolates and you eat 4. how many chocolates are left? ,10,FALSE,6,FALSE,8,TRUE,4,FALSE
332,mathematics,MEDIUM,What is the value of 8 + 8 ?? 4? ,11,FALSE,9,FALSE,12,FALSE,10,TRUE
333,mathematics,MEDIUM,If a car travels 60 miles in 1 hour. how far will it travel in 2.5 hours? ,180 miles,FALSE,100 miles,FALSE,150 miles,TRUE,120 miles,FALSE
334,mathematics,MEDIUM,What is the value of 3 x (2 + 4)? ,15,FALSE,24,FALSE,21,FALSE,18,TRUE
335,mathematics,MEDIUM,If you have \$100 and spend \$30. how much do you have left? ,50,FALSE,80,FALSE,70,TRUE,60,FALSE
336,mathematics,MEDIUM,What is the value of (10 - 3) x 2? ,12,FALSE,14,TRUE,16,FALSE,10,FALSE
337,mathematics,MEDIUM,If a rectangle has dimensions of 5 and 10. what is its area? ,40,FALSE,50,TRUE,45,FALSE,60,FALSE
338,mathematics,MEDIUM,What is 70% of 200? ,130,FALSE,140,TRUE,160,FALSE,150,FALSE
339,mathematics,MEDIUM,If a person jogs 4 miles in 30 minutes. how many miles do they jog in 1 hour? ,5 miles,FALSE,8 miles,TRUE,6 miles,FALSE,10 miles,FALSE
340,mathematics,MEDIUM,What is the value of 5 + 10 / 2? ,8,FALSE,10,TRUE,12,FALSE,9,FALSE
341,mathematics,MEDIUM,What is the result of 8 x 3 - 5? ,17,FALSE,20,FALSE,18,FALSE,19,TRUE
342,mathematics,MEDIUM,If a box contains 30 candies and you take out 10. how many candies are left? ,25,FALSE,10,FALSE,15,FALSE,20,TRUE
343,mathematics,MEDIUM,What is the value of 11 - (3 + 2)? ,6,TRUE,7,FALSE,5,FALSE,8,FALSE
344,mathematics,MEDIUM,If a train covers 150 miles in 2.5 hours. what is its speed in miles per hour? ,50,FALSE,80,FALSE,70,FALSE,60,TRUE
345,mathematics,MEDIUM,What is the value of 10 - 5 x 2? ,5,FALSE,0,TRUE,10,FALSE,-5,FALSE
346,mathematics,MEDIUM,If a basketball team scores an average of 80 points per game. how many points will they score in 5 games? ,450,FALSE,400,TRUE,350,FALSE,300,FALSE
347,mathematics,MEDIUM,What is the area of a rectangle that is 8 units long and 4 units wide? ,34,FALSE,30,FALSE,28,FALSE,32,TRUE
348,mathematics,MEDIUM,If a square has a perimeter of 24. what is the length of one side? ,6,TRUE,5,FALSE,7,FALSE,8,FALSE
349,mathematics,MEDIUM,What is the value of 50 divided by 5 plus 5? ,10,FALSE,15,TRUE,25,FALSE,20,FALSE
350,mathematics,HARD,What is the solution to the equation 3x + 5 = 20? ,5,TRUE,10,FALSE,7,FALSE,15,FALSE
351,mathematics,HARD,What is the value of the expression (2x2 + 3x - 5) if x = 2? ,5,TRUE,7,FALSE,9,FALSE,10,FALSE
352,mathematics,HARD,If the roots of the equation x2 - 5x + 6 = 0 are a and b. what is the value of a + b? ,6,FALSE,3,FALSE,5,TRUE,4,FALSE
353,mathematics,HARD,What is the integral of 2x dx? ,2x2 + C,FALSE,x2 + 2 + C,FALSE,x2 + 2,FALSE,x2 + C,TRUE
354,mathematics,HARD,What is the value of log?(8)? ,2,FALSE,3,TRUE,4,FALSE,5,FALSE
355,mathematics,HARD,If a triangle has sides of lengths 7. 24. and 25. is it a right triangle? ,Depends on angles,FALSE,No,FALSE,Yes,TRUE,Cannot determine,FALSE
356,mathematics,HARD,What is the value of 7! (7 factorial)? ,720,FALSE,40320,FALSE,10080,FALSE,5040,TRUE
357,mathematics,HARD,What is the value of the expression (3 + 4)2 - (5 + 6)? ,28,FALSE,36,TRUE,30,FALSE,32,FALSE
358,mathematics,HARD,What is the derivative of sin(x)? ,#NAME?,FALSE,cos(x),TRUE,sin(x),FALSE,1,FALSE
359,mathematics,HARD,If a circle has a radius of 5. what is its area? (Use ?? = 3.14) ,85,FALSE,75,FALSE,80,FALSE,78.5,TRUE
360,mathematics,HARD,What is the sum of the interior angles of a hexagon? ,720 degrees,TRUE,180 degrees,FALSE,360 degrees,FALSE,540 degrees,FALSE
361,mathematics,HARD,What is the solution to the system of equations: 2x + 3y = 6 and x - y = 1? ,(1. 2),FALSE,(3. 0),TRUE,(0. 3),FALSE,(2. 1),FALSE
362,mathematics,HARD,What is the value of the expression 42 + 52? ,41,TRUE,25,FALSE,45,FALSE,35,FALSE
363,mathematics,HARD,What is the value of sin(90 degrees)? ,0.5,FALSE,1,TRUE,0,FALSE,-1,FALSE
364,mathematics,HARD,What is the result of the expression 3 + 2 x (8 - 3)? ,10,FALSE,15,FALSE,13,TRUE,12,FALSE
365,mathematics,HARD,If f(x) = 2x3 - 3x + 1. what is f'(x)? ,2x2 - 3,FALSE,3x2 - 2,FALSE,6x2 - 3,TRUE,6x2 + 3,FALSE
366,mathematics,HARD,What is the area of a trapezoid with bases 10 and 20 and height 5? ,70,FALSE,80,FALSE,75,TRUE,60,FALSE
367,mathematics,HARD,What is the value of (5 + 3) x (10 - 2) / 2? ,25,FALSE,32,TRUE,40,FALSE,30,FALSE
368,mathematics,HARD,If x2 - 4 = 0. what are the values of x? ,2 and -2,TRUE,0 and 4,FALSE,4 and -4,FALSE,1 and -1,FALSE
369,mathematics,HARD,What is the sum of the first ten prime numbers? ,129,TRUE,131,FALSE,130,FALSE,128,FALSE
370,mathematics,HARD,What is the product of the roots of the equation x2 - 10x + 21 = 0? ,5,FALSE,15,FALSE,10,FALSE,21,TRUE
371,mathematics,HARD,What is the value of the expression (x2 + 2x + 1) when x = 3? ,20,FALSE,15,FALSE,16,TRUE,18,FALSE
372,mathematics,HARD,If a polynomial is defined as P(x) = x3 - 3x2 + 2. what is P(2)? ,2,TRUE,-2,FALSE,4,FALSE,0,FALSE
373,mathematics,HARD,What is the value of 5 raised to the power of 3? ,125,TRUE,150,FALSE,200,FALSE,100,FALSE
374,mathematics,HARD,If the circumference of a circle is 31.4 cm. what is the radius? (Use ?? = 3.14) ,4 cm,FALSE,5 cm,TRUE,3 cm,FALSE,6 cm,FALSE
375,mathematics,HARD,What is the solution to the equation 2(x - 3) = 8? ,5,FALSE,8,TRUE,4,FALSE,6,FALSE
376,mathematics,HARD,What is the area of a circle with a diameter of 10? (Use ?? = 3.14) ,80,FALSE,78.5,TRUE,75,FALSE,70,FALSE
377,mathematics,HARD,What is the value of the expression 9 - 3(2 + 1)? ,1,FALSE,2,FALSE,0,TRUE,-1,FALSE
378,mathematics,HARD,If a right triangle has legs of length 6 and 8. what is the length of the hypotenuse? ,8,FALSE,12,FALSE,14,FALSE,10,TRUE
379,mathematics,HARD,What is the value of 4 + 3(5 - 2)? ,12,FALSE,13,TRUE,14,FALSE,10,FALSE
380,mathematics,HARD,What is the equation of a line that passes through the points (1. 2) and (3. 4) ?,y = 3x - 1,FALSE,y = x + 1,TRUE,y = x - 1,FALSE,y = 2x,FALSE
381,mathematics,HARD,What is the value of cos(0 degrees)? ,0,FALSE,1,TRUE,0.5,FALSE,-1,FALSE
382,mathematics,HARD,If a rectangle has a length of 10 and a width of 5. what is its diagonal? ,��75,FALSE,��100,FALSE,��50,FALSE,��125,TRUE
383,mathematics,HARD,What is the value of the expression 23 + 32? ,17,TRUE,15,FALSE,16,FALSE,18,FALSE
384,mathematics,HARD,What is the derivative of x2 + 4x + 4? ,x + 4,FALSE,2x + 4,TRUE,2x + 2,FALSE,2x + 3,FALSE
385,mathematics,HARD,What is the area of a rectangle with length 8 and width 3? ,20,FALSE,30,FALSE,28,FALSE,24,TRUE
386,mathematics,HARD,What is the solution to the equation 5x - 7 = 3? ,3,FALSE,4,FALSE,1,FALSE,2,TRUE
387,mathematics,HARD,If a triangle has an area of 30 and a base of 10. what is its height? ,4,FALSE,3,FALSE,5,FALSE,6,TRUE
388,mathematics,HARD,What is the value of 1 + 2 + 3 + ... + 100? ,5000,FALSE,5050,TRUE,5100,FALSE,5150,FALSE
389,mathematics,HARD,What is the value of the expression (x - 1)2 when x = 4? ,9,TRUE,10,FALSE,7,FALSE,8,FALSE
390,mathematics,HARD,What is the integral of x2 dx? ,x3 + C,FALSE,(1/2)x3 + C,FALSE,(1/4)x3 + C,FALSE,(1/3)x3 + C,TRUE
391,mathematics,HARD,If the volume of a cube is 27. what is the length of one side? ,6,FALSE,4,FALSE,3,TRUE,5,FALSE
392,mathematics,HARD,What is the value of (3 + 5) x (2 + 4)? ,40,FALSE,42,FALSE,56,FALSE,48,TRUE
393,mathematics,HARD,What is the prime factorization of 60? ,3 x 20,FALSE,2 x 3 x 10,FALSE,4 x 15,FALSE,22 x 3 x 5,TRUE
394,mathematics,HARD,What is the solution to the equation 4(x + 5) = 32? ,1,FALSE,3,TRUE,2,FALSE,4,FALSE
395,mathematics,HARD,What is the area of a triangle with base 12 and height 5? ,35,FALSE,25,FALSE,30,TRUE,20,FALSE
396,mathematics,HARD,What is the value of 2? + 3?? ,70,FALSE,90,FALSE,97,TRUE,80,FALSE
397,mathematics,HARD,What is the greatest common divisor of 36 and 60? ,10,FALSE,12,TRUE,18,FALSE,6,FALSE
398,mathematics,HARD,What is the solution to the equation 3x + 4 = 19? ,4,FALSE,5,TRUE,7,FALSE,6,FALSE
399,mathematics,HARD,What is the value of the expression (4x - 3) when x = 2? ,6,FALSE,4,FALSE,8,FALSE,5,TRUE
400,mathematics,HARD,If a polynomial is defined as P(x) = x3 - 2x + 1. what is P(1)? ,0,TRUE,1,FALSE,-1,FALSE,2,FALSE
401,mathematics,HARD,What is the solution to the quadratic equation x2 - 9 = 0? ,9 and -9,FALSE,1 and -1,FALSE,0 and 9,FALSE,3 and -3,TRUE
402,mathematics,HARD,What is the value of 7% of 200? ,16,FALSE,10,FALSE,12,FALSE,14,TRUE
403,mathematics,HARD,What is the area of a parallelogram with base 10 and height 5? ,40,FALSE,60,FALSE,30,FALSE,50,TRUE
404,mathematics,HARD,What is the sum of the first ten even numbers? ,100,FALSE,120,FALSE,130,FALSE,110,TRUE
405,mathematics,HARD,What is the value of the expression 2x + 3y if x = 1 and y = 2? ,5,FALSE,8,TRUE,6,FALSE,7,FALSE
406,mathematics,HARD,If a function f(x) = x2 - 4. what are the zeros of the function? ,1 and -1,FALSE,2 and -2,TRUE,4 and -4,FALSE,3 and -3,FALSE
407,mathematics,HARD,What is the value of 5! - 4! ? ,12,FALSE,16,FALSE,24,FALSE,20,TRUE
408,mathematics,HARD,What is the highest power of 2 that divides 64? ,4,FALSE,6,TRUE,5,FALSE,7,FALSE
409,mathematics,HARD,What is the value of (x + 3)(x - 2) when x = 1? ,1,FALSE,0,TRUE,3,FALSE,-1,FALSE
410,mathematics,HARD,What is the area of a sector with a radius of 6 and an angle of 60 degrees? ,12??,TRUE,8??,FALSE,10??,FALSE,15??,FALSE
411,mathematics,HARD,If a car travels 150 miles at 50 miles per hour. how long does it take? ,2 hours,FALSE,5 hours,FALSE,3 hours,TRUE,4 hours,FALSE
412,mathematics,HARD,What is the value of the expression (2 + 3)(4 - 1)? ,18,FALSE,10,FALSE,12,FALSE,15,TRUE
413,mathematics,HARD,What is the product of the first five odd numbers? ,900,FALSE,945,TRUE,800,FALSE,1000,FALSE
414,mathematics,HARD,What is the value of (x3 + 3x2 - x) if x = 2? ,24,FALSE,22,TRUE,20,FALSE,18,FALSE
415,mathematics,HARD,If two angles are complementary and one measures 70 degrees. what is the other angle? ,20 degrees,TRUE,30 degrees,FALSE,40 degrees,FALSE,50 degrees,FALSE
416,mathematics,HARD,What is the value of 22 + 32 + 42? ,30,FALSE,20,FALSE,29,TRUE,25,FALSE
417,mathematics,HARD,If a polynomial is defined as P(x) = 3x2 - 6x. what is P(2)? ,0,TRUE,6,FALSE,8,FALSE,12,FALSE
418,mathematics,HARD,What is the value of 10 - (3 + 2)? ,4,FALSE,6,FALSE,3,FALSE,5,TRUE
419,mathematics,HARD,If the perimeter of a rectangle is 50 and the length is 15. what is the width? ,10,TRUE,20,FALSE,25,FALSE,15,FALSE
420,mathematics,HARD,What is the area of a circle with a radius of 3? (Use ?? = 3.14) ,30,FALSE,25,FALSE,27,FALSE,28.26,TRUE
421,mathematics,HARD,What is the value of x in the equation 2x + 3 = 11? ,5,FALSE,3,FALSE,2,FALSE,4,TRUE
422,mathematics,HARD,What is the solution of the inequality 3x - 4 < 5? ,x > 4,FALSE,x > 3,FALSE,x < 3,TRUE,x < 4,FALSE
423,mathematics,HARD,What is the area of a triangle with a base of 10 and a height of 6? ,30,TRUE,25,FALSE,35,FALSE,20,FALSE
424,mathematics,HARD,What is the value of 72 - 22? ,40,FALSE,50,FALSE,30,FALSE,45,TRUE
425,mathematics,HARD,What is the sum of the first five prime numbers? ,32,FALSE,28,TRUE,26,FALSE,30,FALSE
426,mathematics,HARD,If a box has dimensions 2. 3. and 4. what is its volume? ,30,FALSE,24,TRUE,16,FALSE,20,FALSE
427,mathematics,HARD,What is the value of the expression 5(x + 2) when x = 3? ,20,FALSE,25,TRUE,15,FALSE,30,FALSE
428,mathematics,HARD,What is the probability of rolling a sum of 7 with two dice? ,1��6��,TRUE,1��8��,FALSE,1��4��,FALSE,1��10��,FALSE
429,mathematics,HARD,What is the equation of a line with slope 2 that passes through the point (1.3 )?,y = 2x - 1,FALSE,y = 2x + 2,FALSE,y = 2x + 3,FALSE,y = 2x + 1,TRUE
430,mathematics,HARD,What is the value of the expression (x2 - 1)(x + 1) when x = 2? ,7,FALSE,9,TRUE,8,FALSE,10,FALSE
431,mathematics,HARD,If the roots of the equation x2 + bx + c = 0 are 3 and 5. what is the value of b? ,5,FALSE,8,TRUE,15,FALSE,12,FALSE
432,mathematics,HARD,What is the value of the expression 8(2x - 3) if x = 4? ,30,FALSE,40,FALSE,20,FALSE,34,TRUE
433,mathematics,HARD,If a function f(x) = x2 + 4. what is f(3)? ,13,TRUE,12,FALSE,14,FALSE,10,FALSE
434,mathematics,HARD,What is the slope of the line that passes through the points (2.3) and (4.7)?,1,FALSE,4,FALSE,3,FALSE,2,TRUE
435,mathematics,HARD,What is the value of the expression 10 - 3(2 + 1)? ,0,FALSE,2,FALSE,1,TRUE,3,FALSE
436,mathematics,HARD,What is the product of the angles in a triangle? ,360 degrees,FALSE,180 degrees,TRUE,90 degrees,FALSE,270 degrees,FALSE
437,mathematics,HARD,What is the value of the expression 5x - 4 when x = 2? ,4,FALSE,6,TRUE,10,FALSE,8,FALSE
438,mathematics,HARD,What is the value of the expression 3(2 + 4) - 5? ,13,TRUE,12,FALSE,15,FALSE,10,FALSE
439,mathematics,HARD,If a person invests \$1000 at an annual interest rate of 5%. what will be the total amount after 2 years with simple interest? ,1100,TRUE,1150,FALSE,1050,FALSE,1200,FALSE
440,mathematics,HARD,What is the value of the expression (x - 4)(x + 2) when x = 6? ,8,TRUE,10,FALSE,12,FALSE,6,FALSE
441,mathematics,HARD,What is the derivative of 3x2 - 2x + 1? ,3x2 - 2,FALSE,6x + 2,FALSE,6x - 2,TRUE,3x - 2,FALSE
442,mathematics,HARD,What is the area of a trapezoid with bases 5 and 15 and height 4? ,50,FALSE,40,TRUE,30,FALSE,60,FALSE
443,mathematics,HARD,If the roots of the polynomial x3 - 6x2 + 11x - 6 = 0 are a. b. and c. what is the value of a + b + c? ,10,FALSE,6,TRUE,9,FALSE,11,FALSE
444,mathematics,HARD,What is the value of (2 + 3)3? ,150,FALSE,80,FALSE,100,FALSE,125,TRUE
445,mathematics,HARD,If a right triangle has an angle of 30 degrees. what is the ratio of the lengths of the opposite and hypotenuse sides? ,1��3��,FALSE,1��2��,TRUE,3��2��,FALSE,1��2��,FALSE
446,mathematics,HARD,What is the value of the expression 4(3x - 2) + 5 when x = 1? ,18,FALSE,15,FALSE,20,FALSE,17,TRUE
447,mathematics,HARD,What is the result of the expression 102 - 62? ,70,FALSE,40,FALSE,50,FALSE,64,TRUE
448,mathematics,HARD,If the circumference of a circle is 31.4 cm. what is the diameter? (Use ?? = 3.14) ,20 cm,FALSE,10 cm,TRUE,15 cm,FALSE,5 cm,FALSE
449,mathematics,HARD,What is the area of a circle with a radius of 7? (Use ?? = 3.14) ,160,FALSE,140,FALSE,180,FALSE,153.86,TRUE
450,mathematics,VERY_HARD,What is the integral of sin(x) dx? ,sin(x) + C,FALSE,?sin(x) + C,FALSE,cos(x) + C,FALSE,?cos(x) + C,TRUE
451,mathematics,VERY_HARD,What is the solution to the equation 2^(x) = 16? ,3,FALSE,5,FALSE,4,TRUE,2,FALSE
452,mathematics,VERY_HARD,If the roots of the polynomial x2 - 6x + k = 0 are both equal. what is the value of k? ,0,FALSE,9,TRUE,12,FALSE,6,FALSE
453,mathematics,VERY_HARD,What is the area of a circle with a radius of 10? (Use pi = 3.14) ,314,TRUE,300,FALSE,320,FALSE,310,FALSE
454,mathematics,VERY_HARD,What is the value of the expression (2x - 3)(x + 4) when x = 5? ,29,TRUE,25,FALSE,30,FALSE,28,FALSE
455,mathematics,VERY_HARD,In a triangle.  if one angle is 90 degrees and another is 45 degrees.  what is the length of the hypotenuse if the adjacent side is 1? ,��2,TRUE,1,FALSE,��3,FALSE,2,FALSE
456,mathematics,VERY_HARD,What is the derivative of e^(2x)? ,e^(2x + 1),FALSE,2e^(x),FALSE,2e^(2x),TRUE,e^(2x),FALSE
457,mathematics,VERY_HARD,What is the value of the expression log??(1000)? ,2,FALSE,3,TRUE,5,FALSE,4,FALSE
458,mathematics,VERY_HARD,If a cylinder has a radius of 3 and height of 5. what is its volume? (Use pi = 3.14) ,140,FALSE,141.3,TRUE,150,FALSE,135,FALSE
459,mathematics,VERY_HARD,What is the sum of the angles in an octagon? ,900 degrees,FALSE,640 degrees,FALSE,1080 degrees,TRUE,720 degrees,FALSE
460,mathematics,VERY_HARD,What is the equation of a line that passes through the points (1. 2) and (2. 3)?,y = x + 1,TRUE,y = 2x,FALSE,y = 3x - 1,FALSE,y = x + 2,FALSE
461,mathematics,VERY_HARD,What is the value of the expression (x - 1)(x + 2)(x - 3) when x = 4? ,8,FALSE,7,FALSE,6,TRUE,5,FALSE
462,mathematics,VERY_HARD,If the function f(x) = x3 - 3x + 2. what are the critical points? ,1 and -1,TRUE,0 and 2,FALSE,-2 and 2,FALSE,3 and -3,FALSE
463,mathematics,VERY_HARD,What is the value of �� squared? ,9.87,TRUE,10,FALSE,7.5,FALSE,8.5,FALSE
464,mathematics,VERY_HARD,What is the value of the determinant of the matrix [[1.2][3.4]]?,4,FALSE,2,FALSE,?2,TRUE,0,FALSE
465,mathematics,VERY_HARD,If a rectangle has a length of 10 and a diagonal of 13. what is its width? ,15,FALSE,10,FALSE,12,FALSE,5,TRUE
466,mathematics,VERY_HARD,What is the value of the expression sin(30 degrees)? ,��2/2,FALSE,1��2��,TRUE,1,FALSE,��3/2,FALSE
467,mathematics,VERY_HARD,If the polynomial P(x) = x3 - 3x2 + 2. what is P(2)? ,2,FALSE,1,FALSE,-1,FALSE,0,TRUE
468,mathematics,VERY_HARD,What is the area of an ellipse with a semi-major axis of 4 and a semi-minor axis of 2? (Use pi = 3.14) ,28,FALSE,20,FALSE,30,FALSE,25.12,TRUE
469,mathematics,VERY_HARD,What is the value of the expression (3x + 4)(2x - 1) when x = 1? ,18,FALSE,20,FALSE,21,FALSE,19,TRUE
470,mathematics,VERY_HARD,What is the solution for x in the equation log(x) = 2? ,100,TRUE,50,FALSE,10,FALSE,20,FALSE
471,mathematics,VERY_HARD,What is the limit of (x2 - 1)/(x - 1) as x approaches 1? ,2,TRUE,1,FALSE,0,FALSE,3,FALSE
472,mathematics,VERY_HARD,What is the value of the series 1 + 1/2 + 1/3 + ... + 1/n as n approaches infinity? ,��,TRUE,1,FALSE,2,FALSE,0,FALSE
473,mathematics,VERY_HARD,What is the value of cos(45 degrees)? ,��2/2,TRUE,1,FALSE,��3/2,FALSE,1��2��,FALSE
474,mathematics,VERY_HARD,If the radius of a sphere is 5. what is its volume? (Use pi = 3.14) ,523.33,TRUE,500,FALSE,700,FALSE,600,FALSE
475,mathematics,VERY_HARD,If f(x) = 3x2 + 2x - 1. what is f'(-1)? ,0,FALSE,2,FALSE,1,TRUE,-1,FALSE
476,mathematics,VERY_HARD,What is the area of a triangle with sides of lengths 7.8. and 9?,26.83,TRUE,27,FALSE,30,FALSE,25,FALSE
477,mathematics,VERY_HARD,What is the derivative of ln(x)? ,1/x,TRUE,1,FALSE,ln(x),FALSE,x,FALSE
478,mathematics,VERY_HARD,What is the value of the expression ��(144) + ��(64)? ,16,TRUE,20,FALSE,18,FALSE,14,FALSE
479,mathematics,VERY_HARD,What is the value of the series 1 + 1/4 + 1/9 + 1/16 + ... to n terms? ,��2/6,TRUE,2,FALSE,1,FALSE,3,FALSE
480,mathematics,VERY_HARD,If a cone has a radius of 4 and a height of 6. what is its volume? (Use pi = 3.14) ,48,FALSE,52,FALSE,53,FALSE,50.24,TRUE
481,mathematics,VERY_HARD,What is the equation of a parabola with vertex at (0.0) and opens upwards? ,y = x2 + c,FALSE,y = -ax2,FALSE,y = ax2,TRUE,y = x2 - c,FALSE
482,mathematics,VERY_HARD,What is the value of sin(90 degrees)? ,1,TRUE,��2,FALSE,��3,FALSE,0,FALSE
483,mathematics,VERY_HARD,If a triangle has sides 3.4 and 5. is it a right triangle? ,No,FALSE,Depends on angles,FALSE,Yes,TRUE,Cannot determine,FALSE
484,mathematics,VERY_HARD,What is the area of a regular hexagon with a side length of 6? ,80,FALSE,100,FALSE,93.53,TRUE,90,FALSE
485,mathematics,VERY_HARD,What is the value of the expression 2^(3x) when x = 2? ,8,FALSE,16,FALSE,64,TRUE,32,FALSE
486,mathematics,VERY_HARD,What is the value of the expression 4 + 4 + 4 + 4? ,18,FALSE,16,TRUE,12,FALSE,14,FALSE
487,mathematics,VERY_HARD,If a polynomial is defined as P(x) = x? - 4x2. what are the critical points? ,��4,FALSE, 0.��2,TRUE,��3,FALSE,��1.0,FALSE
488,mathematics,VERY_HARD,What is the sum of the first n even numbers? ,n2 + n,FALSE,n(n + 1),TRUE,2n,FALSE,n2,FALSE
489,mathematics,VERY_HARD,What is the derivative of 1/x? ,?x,FALSE,?1/x2,TRUE,1/x,FALSE,1/F,FALSE
490,mathematics,VERY_HARD,What is the value of the expression 6!/(2!4!)? ,12,FALSE,15,TRUE,20,FALSE,10,FALSE
491,mathematics,VERY_HARD,What is the area of a sector with a radius of 8 and a central angle of 45 degrees? (Use pi = 3.14) ,11.76,TRUE,12,FALSE,10,FALSE,9,FALSE
492,mathematics,VERY_HARD,What is the limit of (x2 - 4)/(x - 2) as x approaches 2? ,4,TRUE,2,FALSE,0,FALSE,1,FALSE
493,mathematics,VERY_HARD,What is the sum of the squares of the first five natural numbers? ,45,FALSE,55,TRUE,50,FALSE,60,FALSE
494,mathematics,VERY_HARD,If the perimeter of a rectangle is 50 and the length is 15. what is its width? ,20,FALSE,15,FALSE,10,TRUE,12.5,FALSE
495,mathematics,VERY_HARD,What is the integral of 1/x dx? ,1/x + C,FALSE,x2/2 + C,FALSE,e^x + C,FALSE,ln|x| + C,TRUE
496,mathematics,VERY_HARD,If the area of a parallelogram is 30 and the base is 10. what is its height? ,5,FALSE,3,TRUE,4,FALSE,6,FALSE
497,mathematics,VERY_HARD,What is the derivative of cos(x)? ,sin(x),FALSE,cos(x),FALSE,?sin(x),TRUE,?cos(x),FALSE
498,mathematics,VERY_HARD,What is the volume of a cylinder with height 10 and radius 3? (Use pi = 3.14) ,100,FALSE,94.2,TRUE,80,FALSE,90,FALSE
499,mathematics,VERY_HARD,What is the value of the limit lim(x-->0)(sin(x)/x)? ,0,FALSE,-1,FALSE,2,FALSE,1,TRUE
